X Filtered Pixel; Y Filtered Pixel; X Filtered Normalized; Y Filtered Normalized; X Raw Normalized; Y Raw Normalized; Distance to Camera in mm; Eye Aspect Ratio (Height/Width); Blinking; Timestamp With Milliseconds; Unix Timestamp In Milliseconds; AOI List; Additional Notes
585;301;0.3709466;0.339509;0.3709466;0.339509;394.3;0.1695686;False;2026-06-19 9:40:43 AM:446;1781854843446;;
641;380;0.4063693;0.4290151;0.5310337;0.687055;395.4;0.1716688;False;2026-06-19 9:40:43 AM:480;1781854843480;;
657;397;0.4163713;0.4472998;0.4865246;0.5671355;396.4;0.1718521;False;2026-06-19 9:40:43 AM:511;1781854843511;;
692;407;0.438637;0.4589075;0.5401288;0.5538824;397.0;0.1834192;False;2026-06-19 9:40:43 AM:546;1781854843546;;
715;414;0.4529619;0.4668716;0.5401304;0.5538646;397.5;0.18343;False;2026-06-19 9:40:43 AM:576;1781854843576;;
733;420;0.4643707;0.4736032;0.5401317;0.5538485;398.0;0.1834397;False;2026-06-19 9:40:43 AM:609;1781854843609;;
744;430;0.4717268;0.4842678;0.534392;0.5870098;397.8;0.1942655;False;2026-06-19 9:40:43 AM:644;1781854843644;;
753;437;0.4770942;0.4921184;0.5344136;0.5869881;397.6;0.1943062;False;2026-06-19 9:40:43 AM:676;1781854843676;;
771;444;0.4883986;0.5007084;0.5701343;0.6030697;396.1;0.1912529;False;2026-06-19 9:40:43 AM:709;1781854843709;;
784;450;0.4967005;0.5072651;0.570235;0.6030837;394.7;0.1912982;False;2026-06-19 9:40:43 AM:741;1781854843741;;
795;450;0.504039;0.5075796;0.5731634;0.549913;394.3;0.1826126;False;2026-06-19 9:40:43 AM:777;1781854843777;;
811;456;0.513656;0.514073;0.5931666;0.611127;393.8;0.1996568;False;2026-06-19 9:40:43 AM:810;1781854843810;;
831;462;0.526738;0.52133;0.6202791;0.627937;393.3;0.1997154;False;2026-06-19 9:40:43 AM:844;1781854843844;;
834;466;0.5287647;0.5251736;0.5754303;0.6121437;393.9;0.203044;False;2026-06-19 9:40:43 AM:879;1781854843879;;
837;468;0.5302424;0.5279763;0.5754294;0.6121606;394.5;0.2030368;False;2026-06-19 9:40:43 AM:909;1781854843909;;
739;440;0.4683135;0.4962171;0.3165099;0.3510633;394.3;0.207765;False;2026-06-19 9:40:43 AM:942;1781854843942;;
695;436;0.4403872;0.4913965;0.3407393;0.4392297;394.1;0.2078027;False;2026-06-19 9:40:43 AM:972;1781854843972;;
665;433;0.4215063;0.4876628;0.3407386;0.439233;394.0;0.2078018;False;2026-06-19 9:40:44 AM:2;1781854844002;;
657;433;0.4165417;0.487766;0.3807391;0.5067967;393.1;0.212078;False;2026-06-19 9:40:44 AM:34;1781854844034;;
652;433;0.4129366;0.4878497;0.3807422;0.506783;392.3;0.2120826;False;2026-06-19 9:40:44 AM:64;1781854844064;;
758;433;0.4801477;0.4883141;0.6663707;0.5247752;392.9;0.1910205;False;2026-06-19 9:40:44 AM:94;1781854844094;;
825;433;0.5227811;0.4886927;0.6663781;0.524763;393.5;0.1910332;False;2026-06-19 9:40:44 AM:124;1781854844124;;
884;427;0.5602506;0.4810335;0.6891679;0.4040858;394.0;0.1857128;False;2026-06-19 9:40:44 AM:155;1781854844155;;
921;425;0.5838544;0.4795203;0.6869586;0.4453809;394.4;0.1857204;False;2026-06-19 9:40:44 AM:184;1781854844184;;
964;426;0.6109565;0.4803183;0.7172815;0.5146337;393.1;0.1980399;False;2026-06-19 9:40:44 AM:214;1781854844214;;
994;427;0.6295619;0.4809707;0.7172823;0.5146363;391.8;0.1980393;False;2026-06-19 9:40:44 AM:244;1781854844244;;
1005;432;0.6369093;0.4872441;0.6886152;0.5724735;391.2;0.1993516;False;2026-06-19 9:40:44 AM:278;1781854844278;;
1013;436;0.6419906;0.4918003;0.6886166;0.5724825;390.6;0.1993476;False;2026-06-19 9:40:44 AM:309;1781854844309;;
1021;436;0.6468725;0.4919657;0.6940173;0.5014087;391.8;0.1947375;False;2026-06-19 9:40:44 AM:341;1781854844341;;
1027;436;0.6504495;0.4920952;0.6940174;0.5014078;392.8;0.1947384;False;2026-06-19 9:40:44 AM:371;1781854844371;;
1034;436;0.6549647;0.4918136;0.7061868;0.4820492;393.7;0.1947501;False;2026-06-19 9:40:44 AM:401;1781854844401;;
1040;436;0.6589379;0.4918796;0.7072194;0.5037259;394.2;0.2002857;False;2026-06-19 9:40:44 AM:434;1781854844434;;
1045;436;0.66183;0.4919308;0.7072183;0.503728;394.7;0.2002832;False;2026-06-19 9:40:44 AM:465;1781854844465;;
1049;436;0.6644329;0.491987;0.7079979;0.5021948;394.8;0.1996216;False;2026-06-19 9:40:44 AM:498;1781854844498;;
1052;436;0.6662897;0.492029;0.7079855;0.5022114;394.8;0.1996012;False;2026-06-19 9:40:44 AM:528;1781854844528;;
1055;435;0.6684029;0.4906963;0.713192;0.4594574;393.5;0.1960835;False;2026-06-19 9:40:44 AM:559;1781854844559;;
1057;432;0.6698661;0.4875583;0.7107897;0.4343206;392.2;0.1960983;False;2026-06-19 9:40:44 AM:590;1781854844590;;
1060;434;0.6715313;0.4890819;0.7157469;0.5292746;391.3;0.197089;False;2026-06-19 9:40:44 AM:621;1781854844621;;
1066;431;0.6752168;0.4856189;0.735759;0.4268085;390.5;0.1971183;False;2026-06-19 9:40:44 AM:651;1781854844651;;
983;435;0.6228883;0.4900917;0.4856938;0.5542884;391.2;0.2051264;False;2026-06-19 9:40:44 AM:685;1781854844685;;
935;438;0.5926105;0.4932521;0.4856307;0.5543291;391.8;0.2050592;False;2026-06-19 9:40:44 AM:715;1781854844715;;
779;439;0.4934183;0.4946761;0.3171561;0.5383421;392.2;0.2087968;False;2026-06-19 9:40:44 AM:749;1781854844749;;
695;440;0.4407031;0.4957329;0.3170809;0.5383876;392.5;0.2087228;False;2026-06-19 9:40:44 AM:781;1781854844781;;
644;440;0.4083791;0.4965926;0.3171368;0.5383537;392.8;0.2087777;False;2026-06-19 9:40:44 AM:812;1781854844812;;
610;440;0.3865698;0.4964131;0.3165475;0.4900825;392.3;0.214106;False;2026-06-19 9:40:44 AM:845;1781854844845;;
588;440;0.3728483;0.4962751;0.3165566;0.4900648;391.8;0.2141155;False;2026-06-19 9:40:44 AM:876;1781854844876;;
561;440;0.3553742;0.4964115;0.290453;0.5171;391.2;0.2078593;False;2026-06-19 9:40:44 AM:909;1781854844909;;
542;440;0.3437908;0.4965225;0.2904074;0.5171385;390.6;0.2078098;False;2026-06-19 9:40:44 AM:942;1781854844942;;
543;440;0.3440426;0.4964134;0.3468218;0.4915396;391.5;0.2106645;False;2026-06-19 9:40:44 AM:980;1781854844980;;
544;444;0.3447954;0.5004637;0.3628969;0.5683005;391.0;0.2107103;False;2026-06-19 9:40:45 AM:14;1781854845014;;
545;445;0.3453215;0.5011551;0.3583286;0.5385323;390.5;0.2108289;False;2026-06-19 9:40:45 AM:46;1781854845046;;
544;442;0.3448043;0.4986421;0.3369741;0.4566377;389.2;0.2075115;False;2026-06-19 9:40:45 AM:78;1781854845078;;
542;443;0.343684;0.4992363;0.3277762;0.5318469;388.0;0.2076519;False;2026-06-19 9:40:45 AM:108;1781854845108;;
542;437;0.3438029;0.4931911;0.3598893;0.4227412;388.3;0.2081801;False;2026-06-19 9:40:45 AM:140;1781854845140;;
542;436;0.343841;0.4917836;0.3451738;0.4554899;388.6;0.2082447;False;2026-06-19 9:40:45 AM:170;1781854845170;;
542;435;0.3438752;0.4905699;0.3452252;0.4554272;388.8;0.2083031;False;2026-06-19 9:40:45 AM:201;1781854845201;;
613;431;0.3887371;0.4857708;0.5422321;0.4130397;389.7;0.2048743;False;2026-06-19 9:40:45 AM:231;1781854845231;;
677;422;0.4290054;0.4758621;0.5700285;0.3693922;390.5;0.2049763;False;2026-06-19 9:40:45 AM:261;1781854845261;;
706;427;0.4472737;0.481896;0.5373611;0.550948;390.6;0.2155001;False;2026-06-19 9:40:45 AM:294;1781854845294;;
725;431;0.4592587;0.486181;0.5373567;0.550956;390.7;0.2154829;False;2026-06-19 9:40:45 AM:322;1781854845322;;
755;426;0.4783653;0.4800758;0.5734153;0.4020389;392.4;0.2054789;False;2026-06-19 9:40:45 AM:354;1781854845354;;
765;424;0.4848297;0.4777688;0.5428169;0.4238811;394.0;0.2053796;False;2026-06-19 9:40:45 AM:384;1781854845384;;
775;423;0.4908786;0.4769466;0.5470355;0.4406438;395.6;0.2051179;False;2026-06-19 9:40:45 AM:417;1781854845417;;
781;422;0.4951248;0.4763343;0.5470073;0.4407058;397.1;0.2050555;False;2026-06-19 9:40:45 AM:447;1781854845447;;
785;420;0.4975448;0.4735393;0.539162;0.4089461;398.3;0.2055341;False;2026-06-19 9:40:45 AM:477;1781854845477;;
788;418;0.4994999;0.4712535;0.5391982;0.4088985;399.5;0.2055955;False;2026-06-19 9:40:45 AM:508;1781854845508;;
790;417;0.500365;0.4701139;0.5304536;0.4193663;399.9;0.213591;False;2026-06-19 9:40:45 AM:541;1781854845541;;
791;416;0.5010173;0.4692489;0.5304276;0.419383;400.2;0.2135451;False;2026-06-19 9:40:45 AM:570;1781854845570;;
791;416;0.5015642;0.4685265;0.5305584;0.4192988;400.6;0.2137793;False;2026-06-19 9:40:45 AM:600;1781854845600;;
791;412;0.501479;0.4646526;0.4990322;0.3818298;401.7;0.2150315;False;2026-06-19 9:40:45 AM:631;1781854845631;;
791;409;0.5014127;0.4615876;0.4990864;0.3818277;402.6;0.2150668;False;2026-06-19 9:40:45 AM:661;1781854845661;;
791;396;0.5014193;0.4459468;0.5143316;0.3034668;402.3;0.2102286;False;2026-06-19 9:40:45 AM:694;1781854845694;;
792;390;0.5019712;0.4397157;0.5273862;0.3341489;401.9;0.2101729;False;2026-06-19 9:40:45 AM:725;1781854845725;;
792;384;0.5020518;0.4325881;0.5109187;0.3195109;402.3;0.2113343;False;2026-06-19 9:40:45 AM:757;1781854845757;;
793;379;0.5026324;0.4273745;0.5286347;0.323559;402.7;0.211448;False;2026-06-19 9:40:45 AM:789;1781854845789;;
793;378;0.502465;0.42666;0.4974106;0.3566203;403.3;0.2078889;False;2026-06-19 9:40:45 AM:820;1781854845820;;
793;378;0.5023491;0.4260724;0.4979345;0.356516;403.8;0.2081196;False;2026-06-19 9:40:45 AM:851;1781854845851;;
788;371;0.4990812;0.418825;0.4603215;0.298851;404.4;0.2091461;False;2026-06-19 9:40:45 AM:882;1781854845882;;
784;366;0.496614;0.4132362;0.46038;0.2988527;405.1;0.2091951;False;2026-06-19 9:40:45 AM:912;1781854845912;;
783;366;0.4959261;0.4128437;0.4755752;0.351638;405.4;0.2045703;False;2026-06-19 9:40:45 AM:943;1781854845943;;
781;356;0.4951311;0.4019358;0.4722442;0.2624381;405.8;0.204641;False;2026-06-19 9:40:45 AM:975;1781854845975;;
781;356;0.4947029;0.4010662;0.4754757;0.3516458;406.1;0.2045078;False;2026-06-19 9:40:46 AM:5;1781854846005;;
781;353;0.4946827;0.3984616;0.4922083;0.3049476;406.6;0.2083307;False;2026-06-19 9:40:46 AM:36;1781854846036;;
781;351;0.494666;0.3963853;0.4921339;0.304951;407.1;0.2082924;False;2026-06-19 9:40:46 AM:67;1781854846067;;
775;351;0.4910653;0.3953831;0.4436626;0.3727841;406.8;0.2086378;False;2026-06-19 9:40:46 AM:99;1781854846099;;
771;350;0.4884692;0.3946451;0.4436179;0.3727934;406.6;0.2086178;False;2026-06-19 9:40:46 AM:128;1781854846128;;
771;349;0.4885566;0.3939698;0.4916746;0.361537;406.8;0.2149832;False;2026-06-19 9:40:46 AM:162;1781854846162;;
771;348;0.4885229;0.3919431;0.4858251;0.3146874;407.1;0.2148165;False;2026-06-19 9:40:46 AM:192;1781854846192;;
771;347;0.4885149;0.3918791;0.4789658;0.3401489;407.1;0.2148056;False;2026-06-19 9:40:46 AM:223;1781854846223;;
771;347;0.4885107;0.3918252;0.4791383;0.3401438;407.0;0.2149049;False;2026-06-19 9:40:46 AM:253;1781854846253;;
770;347;0.487664;0.3911809;0.461192;0.3601131;406.9;0.2175184;False;2026-06-19 9:40:46 AM:287;1781854846287;;
769;346;0.4870576;0.3907283;0.4609155;0.360125;406.7;0.2173556;False;2026-06-19 9:40:46 AM:316;1781854846316;;
769;347;0.4871236;0.3918582;0.4896618;0.4107905;406.9;0.2130259;False;2026-06-19 9:40:46 AM:347;1781854846347;;
769;348;0.4871753;0.3927339;0.4896275;0.4108101;407.0;0.2130082;False;2026-06-19 9:40:46 AM:378;1781854846378;;
769;349;0.4872186;0.3934126;0.4897289;0.4107518;407.2;0.2130609;False;2026-06-19 9:40:46 AM:406;1781854846406;;
770;352;0.4877036;0.3964438;0.501075;0.4413162;407.1;0.213408;False;2026-06-19 9:40:46 AM:439;1781854846439;;
770;353;0.4880335;0.3985657;0.500731;0.4414655;407.1;0.2132236;False;2026-06-19 9:40:46 AM:468;1781854846468;;
769;355;0.4875297;0.400057;0.4694678;0.4367875;406.9;0.2166099;False;2026-06-19 9:40:46 AM:500;1781854846500;;
768;369;0.4868014;0.4163139;0.4639641;0.5422404;406.8;0.2165527;False;2026-06-19 9:40:46 AM:531;1781854846531;;
770;379;0.4879766;0.4275668;0.5109239;0.5346664;407.0;0.2119125;False;2026-06-19 9:40:46 AM:563;1781854846563;;
771;379;0.4882939;0.4277425;0.5010489;0.4504071;407.1;0.2120507;False;2026-06-19 9:40:46 AM:593;1781854846593;;
765;374;0.4845948;0.4214167;0.4401291;0.3511234;407.1;0.2156999;False;2026-06-19 9:40:46 AM:627;1781854846627;;
760;370;0.4819473;0.4169125;0.4401238;0.3511239;407.2;0.215696;False;2026-06-19 9:40:46 AM:657;1781854846657;;
761;370;0.4824998;0.4169154;0.4966141;0.417925;406.7;0.2147788;False;2026-06-19 9:40:46 AM:689;1781854846689;;
760;368;0.4815347;0.4150076;0.4551797;0.3700081;406.3;0.2147286;False;2026-06-19 9:40:46 AM:721;1781854846721;;
790;437;0.5009282;0.4927833;0.5921243;0.7312792;407.4;0.1826604;False;2026-06-19 9:40:46 AM:757;1781854846757;;
810;478;0.5132504;0.5389208;0.5920758;0.7312915;408.3;0.1825804;False;2026-06-19 9:40:46 AM:787;1781854846787;;
848;559;0.5376744;0.6304779;0.6481555;0.8937742;407.7;0.1637807;True;2026-06-19 9:40:46 AM:819;1781854846819;;
876;612;0.5549735;0.6897878;0.6483962;0.8938223;407.1;0.1638692;True;2026-06-19 9:40:46 AM:848;1781854846848;;
907;649;0.5746325;0.7313507;0.671281;0.8928536;405.9;0.1584573;True;2026-06-19 9:40:46 AM:881;1781854846881;;
928;673;0.587819;0.7582825;0.6712203;0.8928444;404.9;0.1584359;True;2026-06-19 9:40:46 AM:912;1781854846912;;
958;697;0.6068842;0.785315;0.7062563;0.9221008;404.6;0.1545056;True;2026-06-19 9:40:46 AM:944;1781854846944;;
979;714;0.6205209;0.8045583;0.7062777;0.9220797;404.4;0.1545404;True;2026-06-19 9:40:46 AM:973;1781854846973;;
995;726;0.6305444;0.8186648;0.7062559;0.922101;404.2;0.1545053;True;2026-06-19 9:40:47 AM:5;1781854847005;;
1001;730;0.6344403;0.8230839;0.6833063;0.8781326;404.3;0.1569476;True;2026-06-19 9:40:47 AM:37;1781854847037;;
1006;733;0.637258;0.8262832;0.6832923;0.8781576;404.4;0.1569145;True;2026-06-19 9:40:47 AM:68;1781854847068;;
1009;734;0.6395863;0.8265935;0.6831969;0.8418364;404.3;0.1557798;True;2026-06-19 9:40:47 AM:100;1781854847100;;
1012;734;0.6413599;0.8268362;0.6831963;0.8418385;404.3;0.1557777;True;2026-06-19 9:40:47 AM:130;1781854847130;;
1017;734;0.6443303;0.8270653;0.6949773;0.8422013;404.0;0.1553105;True;2026-06-19 9:40:47 AM:162;1781854847162;;
1019;732;0.6454827;0.8249109;0.6833418;0.7807238;403.7;0.1552891;True;2026-06-19 9:40:47 AM:197;1781854847197;;
1020;734;0.6464163;0.8266208;0.6833764;0.8647528;404.0;0.1558992;True;2026-06-19 9:40:47 AM:232;1781854847232;;
1023;736;0.6482748;0.8289106;0.6950955;0.8774672;404.3;0.1559305;True;2026-06-19 9:40:47 AM:265;1781854847265;;
1026;740;0.6503997;0.8342592;0.6999065;0.9085852;404.0;0.1543234;True;2026-06-19 9:40:47 AM:299;1781854847299;;
1029;744;0.6518799;0.8379113;0.6999032;0.9085898;403.7;0.1543169;True;2026-06-19 9:40:47 AM:329;1781854847329;;
1029;750;0.6522471;0.8447814;0.6891736;0.9378189;403.0;0.1518983;True;2026-06-19 9:40:47 AM:361;1781854847361;;
1030;754;0.6525444;0.8501411;0.6890957;0.9378101;402.4;0.1518702;True;2026-06-19 9:40:47 AM:393;1781854847393;;
1030;757;0.652752;0.8527445;0.6811531;0.9207341;402.2;0.1577954;True;2026-06-19 9:40:47 AM:428;1781854847428;;
1030;758;0.6528986;0.8544961;0.6810651;0.9207237;402.0;0.157763;True;2026-06-19 9:40:47 AM:458;1781854847458;;
1031;760;0.6530759;0.855904;0.6870182;0.9191948;401.8;0.1521547;True;2026-06-19 9:40:47 AM:488;1781854847488;;
1031;761;0.6532272;0.857089;0.6870042;0.9191935;401.7;0.1521491;True;2026-06-19 9:40:47 AM:519;1781854847519;;
1032;761;0.6536854;0.8575941;0.6919383;0.9118044;401.2;0.1527528;True;2026-06-19 9:40:47 AM:550;1781854847550;;
1032;761;0.6540475;0.8579923;0.6919535;0.9117848;400.8;0.1527806;True;2026-06-19 9:40:47 AM:581;1781854847581;;
1033;762;0.6543595;0.8583347;0.6919648;0.9117701;400.4;0.1528012;True;2026-06-19 9:40:47 AM:612;1781854847612;;
1003;761;0.6352845;0.8576604;0.5512404;0.8457323;400.5;0.1568003;True;2026-06-19 9:40:47 AM:644;1781854847644;;
987;761;0.6251987;0.8574775;0.5610716;0.8525494;400.5;0.1568221;True;2026-06-19 9:40:47 AM:672;1781854847672;;
980;761;0.6207478;0.8577068;0.5815991;0.8703297;400.3;0.1588424;True;2026-06-19 9:40:47 AM:705;1781854847705;;
963;761;0.6103475;0.857031;0.5443371;0.8412291;400.0;0.1587944;True;2026-06-19 9:40:47 AM:737;1781854847737;;
945;761;0.5991119;0.8571436;0.5290142;0.8679684;400.0;0.1663795;False;2026-06-19 9:40:47 AM:771;1781854847771;;
933;761;0.5910974;0.8572343;0.529138;0.8679405;400.0;0.1664351;False;2026-06-19 9:40:47 AM:804;1781854847804;;
932;758;0.5902749;0.854534;0.5695173;0.8108959;400.8;0.1695613;False;2026-06-19 9:40:47 AM:836;1781854847836;;
930;756;0.589609;0.8523793;0.5695571;0.8109027;401.5;0.169576;False;2026-06-19 9:40:47 AM:870;1781854847870;;
931;756;0.5901932;0.8520693;0.6060743;0.8358087;401.3;0.1726319;False;2026-06-19 9:40:47 AM:905;1781854847905;;
930;754;0.5890257;0.8500227;0.5627545;0.8043734;401.5;0.1684931;False;2026-06-19 9:40:47 AM:936;1781854847936;;
930;752;0.5890192;0.8478953;0.5855687;0.7975528;401.6;0.168548;False;2026-06-19 9:40:47 AM:969;1781854847969;;
930;751;0.5890135;0.8461575;0.5856113;0.7975588;401.7;0.1685652;False;2026-06-19 9:40:48 AM:0;1781854848000;;
929;751;0.5887278;0.8460913;0.5736711;0.8376427;401.5;0.1697554;False;2026-06-19 9:40:48 AM:33;1781854848033;;
925;750;0.5863398;0.8454484;0.5461313;0.8106737;401.3;0.1697643;False;2026-06-19 9:40:48 AM:64;1781854848064;;
924;749;0.5854917;0.8437471;0.5587896;0.7932631;401.2;0.1633798;True;2026-06-19 9:40:48 AM:97;1781854848097;;
923;748;0.5848626;0.8424976;0.5587149;0.7932765;401.2;0.1633424;True;2026-06-19 9:40:48 AM:126;1781854848126;;
921;744;0.5838145;0.8383561;0.5513981;0.7593101;400.5;0.166814;False;2026-06-19 9:40:48 AM:158;1781854848158;;
921;743;0.5837882;0.8368608;0.5673184;0.7795572;399.9;0.1668478;False;2026-06-19 9:40:48 AM:189;1781854848189;;
920;742;0.5830872;0.8366144;0.5549738;0.8125145;399.2;0.168731;False;2026-06-19 9:40:48 AM:227;1781854848227;;
920;742;0.582989;0.8364572;0.5626238;0.81187;398.6;0.168634;False;2026-06-19 9:40:48 AM:257;1781854848257;;
919;741;0.5825852;0.8354677;0.5560816;0.7852656;398.7;0.1708146;False;2026-06-19 9:40:48 AM:290;1781854848290;;
919;741;0.5822757;0.8347158;0.5560578;0.7852692;398.7;0.1708028;False;2026-06-19 9:40:48 AM:319;1781854848319;;
918;739;0.5817045;0.8324652;0.5511781;0.7644231;398.6;0.1698762;False;2026-06-19 9:40:48 AM:350;1781854848350;;
917;737;0.5812545;0.8307194;0.5511562;0.7644261;398.6;0.1698666;False;2026-06-19 9:40:48 AM:381;1781854848381;;
917;736;0.5808878;0.829307;0.5511716;0.7644238;398.5;0.1698734;False;2026-06-19 9:40:48 AM:410;1781854848410;;
917;736;0.5807558;0.8294086;0.5767461;0.8316576;398.6;0.1683189;False;2026-06-19 9:40:48 AM:443;1781854848443;;
917;738;0.5808636;0.8314919;0.5837542;0.8636087;398.7;0.1682333;False;2026-06-19 9:40:48 AM:475;1781854848475;;
916;738;0.5804639;0.8314018;0.5551653;0.826896;398.4;0.165584;False;2026-06-19 9:40:48 AM:506;1781854848506;;
916;738;0.5803414;0.8312827;0.5597191;0.8201409;398.1;0.1656898;False;2026-06-19 9:40:48 AM:537;1781854848537;;
852;730;0.540086;0.823094;0.3971422;0.7241268;398.2;0.1669124;False;2026-06-19 9:40:48 AM:570;1781854848570;;
810;725;0.5132223;0.8167923;0.3971308;0.724128;398.3;0.1669059;False;2026-06-19 9:40:48 AM:602;1781854848602;;
778;720;0.493136;0.8118704;0.3948108;0.7258185;398.5;0.1738819;False;2026-06-19 9:40:48 AM:637;1781854848637;;
742;716;0.4701138;0.8070456;0.3606;0.7155487;398.6;0.1739857;False;2026-06-19 9:40:48 AM:668;1781854848668;;
738;716;0.4678062;0.806572;0.4314761;0.7544571;398.9;0.1731987;False;2026-06-19 9:40:48 AM:700;1781854848700;;
721;714;0.4569785;0.8048607;0.3771001;0.7349296;399.1;0.1732893;False;2026-06-19 9:40:48 AM:730;1781854848730;;
703;710;0.4456081;0.7997832;0.3657037;0.7031956;398.3;0.1729255;False;2026-06-19 9:40:48 AM:762;1781854848762;;
695;707;0.4404608;0.7972246;0.3829762;0.7161411;397.7;0.1728935;False;2026-06-19 9:40:48 AM:796;1781854848796;;
690;707;0.4374613;0.7962805;0.3880442;0.7278052;397.4;0.1753421;False;2026-06-19 9:40:48 AM:826;1781854848826;;
687;706;0.4351131;0.7954999;0.3882704;0.7277673;397.2;0.175517;False;2026-06-19 9:40:48 AM:857;1781854848857;;
677;704;0.4291823;0.7938749;0.3618013;0.7162319;396.5;0.1771383;False;2026-06-19 9:40:48 AM:889;1781854848889;;
670;703;0.4245534;0.7925361;0.3617805;0.7162356;395.9;0.177122;False;2026-06-19 9:40:48 AM:921;1781854848921;;
668;700;0.4232019;0.7893506;0.3799622;0.695686;395.7;0.1790218;False;2026-06-19 9:40:48 AM:953;1781854848953;;
666;698;0.4221805;0.7869329;0.3800322;0.6956746;395.6;0.1790753;False;2026-06-19 9:40:48 AM:982;1781854848982;;
662;698;0.4195876;0.7868903;0.3654147;0.721334;395.4;0.1757533;False;2026-06-19 9:40:49 AM:17;1781854849017;;
661;698;0.4187639;0.7862659;0.3761237;0.7117731;395.3;0.1756803;False;2026-06-19 9:40:49 AM:46;1781854849046;;
659;697;0.4178462;0.7859617;0.3736421;0.7246935;395.1;0.1743815;False;2026-06-19 9:40:49 AM:78;1781854849078;;
658;697;0.417076;0.7857;0.3737059;0.7246824;394.9;0.17443;False;2026-06-19 9:40:49 AM:111;1781854849111;;
657;696;0.4165892;0.7846978;0.3938507;0.7452409;394.8;0.1763299;False;2026-06-19 9:40:49 AM:147;1781854849147;;
657;696;0.4163058;0.7843577;0.4092743;0.7771585;394.7;0.176229;False;2026-06-19 9:40:49 AM:178;1781854849178;;
652;696;0.4132979;0.784239;0.3553701;0.7316567;394.6;0.1764084;False;2026-06-19 9:40:49 AM:208;1781854849208;;
649;696;0.4116364;0.7841884;0.3631852;0.732829;393.7;0.1782278;False;2026-06-19 9:40:49 AM:241;1781854849241;;
647;696;0.410343;0.7841464;0.3631806;0.7328299;393.0;0.1782243;False;2026-06-19 9:40:49 AM:271;1781854849271;;
647;695;0.4100678;0.7837389;0.3828931;0.7263643;392.7;0.1768439;False;2026-06-19 9:40:49 AM:305;1781854849305;;
647;695;0.4098526;0.7834206;0.3829276;0.7263587;392.5;0.1768706;False;2026-06-19 9:40:49 AM:337;1781854849337;;
645;695;0.4089554;0.7832567;0.3666627;0.7344877;393.0;0.1742714;False;2026-06-19 9:40:49 AM:369;1781854849369;;
644;695;0.4082442;0.7831237;0.366662;0.7344878;393.5;0.1742711;False;2026-06-19 9:40:49 AM:402;1781854849402;;
644;695;0.4080934;0.7829284;0.3729463;0.7289326;394.2;0.1737766;False;2026-06-19 9:40:49 AM:438;1781854849438;;
644;695;0.4079804;0.7827882;0.3728696;0.7289438;394.9;0.1737179;False;2026-06-19 9:40:49 AM:468;1781854849468;;
643;694;0.4074951;0.7820658;0.3876467;0.7201035;395.2;0.174062;False;2026-06-19 9:40:49 AM:505;1781854849505;;
663;694;0.4204881;0.7815943;0.4862219;0.7704079;396.1;0.1729609;False;2026-06-19 9:40:49 AM:539;1781854849539;;
664;693;0.4208887;0.7814954;0.4286563;0.7389986;396.9;0.1730889;False;2026-06-19 9:40:49 AM:571;1781854849571;;
665;693;0.421344;0.7811527;0.4307338;0.7703222;397.5;0.1731989;False;2026-06-19 9:40:49 AM:604;1781854849604;;
665;693;0.4215221;0.7808385;0.4267476;0.7553149;396.8;0.1765535;False;2026-06-19 9:40:49 AM:636;1781854849636;;
665;693;0.4216658;0.7805851;0.4268258;0.7553024;396.1;0.176612;False;2026-06-19 9:40:49 AM:668;1781854849668;;
662;689;0.4195091;0.7765561;0.3797148;0.6935498;396.2;0.1745263;False;2026-06-19 9:40:49 AM:700;1781854849700;;
655;689;0.4149096;0.7759454;0.3578898;0.7249801;396.3;0.1746112;False;2026-06-19 9:40:49 AM:731;1781854849731;;
646;684;0.4093252;0.770591;0.3466247;0.6760967;396.0;0.1687238;False;2026-06-19 9:40:49 AM:763;1781854849763;;
639;680;0.4052787;0.766617;0.3466229;0.6760932;395.8;0.1687246;False;2026-06-19 9:40:49 AM:793;1781854849793;;
629;677;0.3984514;0.7626776;0.3290804;0.6741526;395.3;0.1738639;False;2026-06-19 9:40:49 AM:829;1781854849829;;
621;674;0.3939176;0.7599677;0.3290662;0.6741844;394.8;0.1738351;False;2026-06-19 9:40:49 AM:858;1781854849858;;
594;655;0.3767436;0.7382205;0.2696779;0.5674355;394.9;0.1772883;False;2026-06-19 9:40:49 AM:890;1781854849890;;
574;640;0.3639944;0.7216688;0.2696787;0.5674344;395.0;0.1772895;False;2026-06-19 9:40:49 AM:923;1781854849923;;
568;629;0.3600408;0.7088409;0.2998267;0.5696569;394.6;0.1849976;False;2026-06-19 9:40:49 AM:957;1781854849957;;
566;624;0.3585738;0.7030198;0.3111252;0.5892277;394.2;0.1849941;False;2026-06-19 9:40:49 AM:987;1781854849987;;
564;621;0.3572508;0.6999177;0.3099867;0.6019907;394.2;0.1854608;False;2026-06-19 9:40:50 AM:18;1781854850018;;
559;617;0.3543536;0.6959444;0.2938225;0.588909;394.2;0.1854664;False;2026-06-19 9:40:50 AM:47;1781854850047;;
558;609;0.353437;0.6863633;0.307717;0.5498472;394.2;0.1822385;False;2026-06-19 9:40:50 AM:80;1781854850080;;
556;603;0.3527274;0.6792318;0.3077185;0.5498531;394.2;0.1822376;False;2026-06-19 9:40:50 AM:110;1781854850110;;
556;598;0.3521388;0.6735132;0.3077168;0.5498452;394.1;0.1822389;False;2026-06-19 9:40:50 AM:139;1781854850139;;
547;595;0.3466009;0.6704039;0.2699041;0.5622034;393.9;0.1801851;False;2026-06-19 9:40:50 AM:171;1781854850171;;
540;593;0.3421801;0.6678302;0.2699023;0.5621983;393.6;0.1801856;False;2026-06-19 9:40:50 AM:202;1781854850202;;
537;592;0.3406568;0.6669195;0.2843559;0.5736009;393.3;0.1792154;False;2026-06-19 9:40:50 AM:232;1781854850232;;
535;591;0.3394016;0.6661528;0.2843601;0.5735626;392.9;0.1792292;False;2026-06-19 9:40:50 AM:262;1781854850262;;
519;586;0.3292974;0.6601419;0.2344422;0.5326077;392.5;0.1814058;False;2026-06-19 9:40:50 AM:295;1781854850295;;
508;582;0.3218208;0.6554896;0.2344416;0.5326216;392.1;0.1814014;False;2026-06-19 9:40:50 AM:328;1781854850328;;
504;580;0.3196197;0.6538005;0.2565222;0.5492592;392.4;0.1822538;False;2026-06-19 9:40:50 AM:361;1781854850361;;
498;578;0.3158107;0.6517464;0.2411667;0.542164;392.7;0.1822497;False;2026-06-19 9:40:50 AM:391;1781854850391;;
495;575;0.3135036;0.6481859;0.2478717;0.5288856;392.4;0.1838593;False;2026-06-19 9:40:50 AM:423;1781854850423;;
492;573;0.3118079;0.6455598;0.2478747;0.5289024;392.1;0.1838593;False;2026-06-19 9:40:50 AM:453;1781854850453;;
491;572;0.3115738;0.6444784;0.2595569;0.565322;392.1;0.1838348;False;2026-06-19 9:40:50 AM:484;1781854850484;;
491;571;0.3113687;0.6435438;0.2595575;0.5653229;392.1;0.183835;False;2026-06-19 9:40:50 AM:517;1781854850517;;
486;532;0.3083262;0.5996156;0.23518;0.3539036;392.4;0.1989846;False;2026-06-19 9:40:50 AM:547;1781854850547;;
482;504;0.3058776;0.5677915;0.2351786;0.3538817;392.6;0.1989705;False;2026-06-19 9:40:50 AM:576;1781854850576;;
479;475;0.3035014;0.5359592;0.2337233;0.3321872;392.7;0.19892;False;2026-06-19 9:40:50 AM:609;1781854850609;;
476;455;0.3016097;0.5128835;0.2337235;0.3321902;392.8;0.1989216;False;2026-06-19 9:40:50 AM:641;1781854850641;;
476;441;0.3015992;0.4972139;0.2475561;0.3360445;393.0;0.1982462;False;2026-06-19 9:40:50 AM:671;1781854850671;;
474;425;0.3003924;0.4796024;0.2364633;0.3152087;393.2;0.1982477;False;2026-06-19 9:40:50 AM:704;1781854850704;;
472;408;0.2993354;0.4598587;0.2358364;0.2874106;393.6;0.2034917;False;2026-06-19 9:40:50 AM:736;1781854850736;;
471;395;0.2984817;0.4451065;0.2358353;0.2873979;394.0;0.2034814;False;2026-06-19 9:40:50 AM:767;1781854850767;;
470;385;0.297787;0.4338606;0.2358357;0.2874017;394.4;0.2034846;False;2026-06-19 9:40:50 AM:799;1781854850799;;
469;376;0.2970583;0.4236223;0.2344986;0.2801212;395.0;0.1985338;False;2026-06-19 9:40:50 AM:829;1781854850829;;
468;368;0.296549;0.4153047;0.2351804;0.2768301;395.7;0.1985199;False;2026-06-19 9:40:50 AM:859;1781854850859;;
467;358;0.2958853;0.4034665;0.2481942;0.2492079;396.4;0.2056168;False;2026-06-19 9:40:50 AM:890;1781854850890;;
466;350;0.2953494;0.3943733;0.2481805;0.2492007;397.0;0.2056036;False;2026-06-19 9:40:50 AM:919;1781854850919;;
464;343;0.2942305;0.3873268;0.2642919;0.2538507;397.3;0.2004373;False;2026-06-19 9:40:50 AM:951;1781854850951;;
463;338;0.2933275;0.3817149;0.2643069;0.2538578;397.6;0.2004457;False;2026-06-19 9:40:50 AM:984;1781854850984;;
461;334;0.2925306;0.3766325;0.2401828;0.2507185;398.1;0.2057995;False;2026-06-19 9:40:51 AM:16;1781854851016;;
460;330;0.2918951;0.3726652;0.2401819;0.250708;398.5;0.2057804;False;2026-06-19 9:40:51 AM:48;1781854851048;;
460;323;0.2915795;0.364067;0.24291;0.2224226;398.9;0.2017144;False;2026-06-19 9:40:51 AM:86;1781854851086;;
460;317;0.2913453;0.3579697;0.2429119;0.2224379;399.3;0.2017472;False;2026-06-19 9:40:51 AM:120;1781854851120;;
457;317;0.2897611;0.3577933;0.2298726;0.2622743;399.4;0.2028521;False;2026-06-19 9:40:51 AM:152;1781854851152;;
455;317;0.2885798;0.357658;0.2298582;0.2622614;399.5;0.2028335;False;2026-06-19 9:40:51 AM:183;1781854851183;;
452;315;0.2865671;0.3555996;0.2221195;0.2994386;399.4;0.2042736;False;2026-06-19 9:40:51 AM:216;1781854851216;;
452;315;0.2863639;0.3548315;0.2350029;0.2785745;399.3;0.2042889;False;2026-06-19 9:40:51 AM:246;1781854851246;;
449;313;0.284906;0.3534066;0.2221233;0.2994412;399.3;0.2042782;False;2026-06-19 9:40:51 AM:276;1781854851276;;
447;312;0.2834974;0.3521952;0.2213053;0.2971364;399.3;0.1990152;False;2026-06-19 9:40:51 AM:309;1781854851309;;
447;311;0.2832865;0.3513498;0.2350041;0.2670361;399.3;0.199044;False;2026-06-19 9:40:51 AM:339;1781854851339;;
446;308;0.2828032;0.3471429;0.2392719;0.2363739;399.6;0.1997603;False;2026-06-19 9:40:51 AM:371;1781854851371;;
445;306;0.2824273;0.3447475;0.2392324;0.2433789;399.8;0.1997727;False;2026-06-19 9:40:51 AM:402;1781854851402;;
445;300;0.281856;0.338883;0.2432188;0.2161736;400.0;0.1993064;False;2026-06-19 9:40:51 AM:436;1781854851436;;
444;297;0.2814253;0.334578;0.2432193;0.2161799;400.2;0.1993177;False;2026-06-19 9:40:51 AM:465;1781854851465;;
457;295;0.2894551;0.333094;0.3400533;0.2877811;400.8;0.1904778;False;2026-06-19 9:40:51 AM:496;1781854851496;;
465;293;0.2945451;0.330158;0.3339573;0.2252078;401.2;0.1904495;False;2026-06-19 9:40:51 AM:525;1781854851525;;
484;292;0.3069877;0.328839;0.3754134;0.279387;401.3;0.192748;False;2026-06-19 9:40:51 AM:558;1781854851558;;
498;291;0.3154451;0.3278353;0.3753967;0.2793838;401.3;0.1927392;False;2026-06-19 9:40:51 AM:587;1781854851587;;
556;291;0.3522105;0.3278349;0.4789254;0.3278301;401.7;0.1862116;False;2026-06-19 9:40:51 AM:618;1781854851618;;
596;291;0.3778352;0.3278346;0.4789129;0.3278282;402.2;0.1862061;False;2026-06-19 9:40:51 AM:651;1781854851651;;
705;290;0.4470745;0.3269862;0.6022387;0.266597;403.1;0.1808771;False;2026-06-19 9:40:51 AM:686;1781854851686;;
768;289;0.4867741;0.3263374;0.602235;0.2665966;403.9;0.1808752;False;2026-06-19 9:40:51 AM:718;1781854851718;;
815;285;0.5161927;0.3220295;0.6116903;0.2285949;405.0;0.1830344;False;2026-06-19 9:40:51 AM:752;1781854851752;;
847;282;0.5366524;0.3183627;0.611688;0.2285942;406.1;0.1830331;False;2026-06-19 9:40:51 AM:788;1781854851788;;
867;282;0.5496716;0.3183405;0.6107037;0.2605763;407.0;0.1841327;False;2026-06-19 9:40:51 AM:823;1781854851823;;
880;277;0.5575854;0.3128518;0.6062521;0.207533;407.9;0.1841073;False;2026-06-19 9:40:51 AM:857;1781854851857;;
889;274;0.563022;0.3086231;0.6042105;0.2087027;408.7;0.1803063;False;2026-06-19 9:40:51 AM:891;1781854851891;;
894;268;0.5663232;0.3018075;0.6012202;0.1814805;409.5;0.1802966;False;2026-06-19 9:40:51 AM:923;1781854851923;;
906;265;0.5739741;0.2985769;0.6311929;0.199453;410.5;0.1862302;False;2026-06-19 9:40:51 AM:955;1781854851955;;
914;262;0.5794391;0.2960883;0.6312023;0.1994552;411.5;0.1862346;False;2026-06-19 9:40:51 AM:986;1781854851986;;
916;262;0.5807205;0.2958808;0.6065697;0.2261092;412.3;0.1854889;False;2026-06-19 9:40:52 AM:18;1781854852018;;
918;262;0.5817307;0.2957089;0.6065543;0.2261048;413.0;0.1854821;False;2026-06-19 9:40:52 AM:48;1781854852048;;
918;259;0.5815783;0.2926724;0.5737289;0.1916072;412.4;0.1881571;False;2026-06-19 9:40:52 AM:80;1781854852080;;
918;257;0.5814564;0.2902763;0.5737051;0.1915991;411.9;0.1881462;False;2026-06-19 9:40:52 AM:110;1781854852110;;
917;255;0.5813498;0.2882074;0.5736896;0.1915938;411.4;0.1881391;False;2026-06-19 9:40:52 AM:142;1781854852142;;
917;254;0.581134;0.2869323;0.5693578;0.25675;411.8;0.1861186;False;2026-06-19 9:40:52 AM:173;1781854852173;;
917;254;0.5811329;0.2864847;0.5808444;0.2256033;412.1;0.1860777;False;2026-06-19 9:40:52 AM:206;1781854852206;;
934;274;0.59154;0.3096782;0.6652817;0.4295396;410.4;0.1939529;False;2026-06-19 9:40:52 AM:237;1781854852237;;
945;288;0.5988468;0.3254104;0.6652077;0.4295285;409.0;0.1939193;False;2026-06-19 9:40:52 AM:266;1781854852266;;
974;286;0.6174412;0.3230377;0.714957;0.248428;404.9;0.1968597;False;2026-06-19 9:40:52 AM:300;1781854852300;;
997;287;0.631872;0.324201;0.7219783;0.3429669;401.3;0.1969071;False;2026-06-19 9:40:52 AM:331;1781854852331;;
1014;287;0.642614;0.3238111;0.7216828;0.2776024;399.6;0.2003051;False;2026-06-19 9:40:52 AM:362;1781854852362;;
1026;287;0.650009;0.3232224;0.718515;0.2726707;398.1;0.2002886;False;2026-06-19 9:40:52 AM:394;1781854852394;;
1035;286;0.655948;0.322884;0.7209697;0.2974189;396.6;0.2065813;False;2026-06-19 9:40:52 AM:425;1781854852425;;
1045;285;0.6620482;0.3215817;0.7291358;0.2617299;395.2;0.2065254;False;2026-06-19 9:40:52 AM:457;1781854852457;;
1054;287;0.6675382;0.3237024;0.7338698;0.3553102;394.7;0.2007774;False;2026-06-19 9:40:52 AM:488;1781854852488;;
1060;288;0.6717728;0.3253627;0.7337915;0.3553047;394.2;0.2007313;False;2026-06-19 9:40:52 AM:517;1781854852517;;
1063;287;0.6735148;0.3235844;0.7202237;0.2686543;393.1;0.2037668;False;2026-06-19 9:40:52 AM:549;1781854852549;;
1065;286;0.6748731;0.3221892;0.7201962;0.2686475;392.0;0.2037507;False;2026-06-19 9:40:52 AM:579;1781854852579;;
1069;285;0.6772317;0.3211138;0.730849;0.2704163;391.7;0.2002014;False;2026-06-19 9:40:52 AM:611;1781854852611;;
1072;284;0.6790777;0.3202555;0.7308409;0.2704144;391.4;0.2001968;False;2026-06-19 9:40:52 AM:642;1781854852642;;
1072;278;0.6791764;0.3132126;0.7108562;0.2147755;391.3;0.1959486;False;2026-06-19 9:40:52 AM:678;1781854852678;;
1072;273;0.6792521;0.3080362;0.7108914;0.2147868;391.3;0.1959648;False;2026-06-19 9:40:52 AM:710;1781854852710;;
1072;273;0.6795051;0.3076111;0.7159585;0.27858;391.2;0.2001972;False;2026-06-19 9:40:52 AM:742;1781854852742;;
1073;272;0.6798404;0.3068505;0.703903;0.2508249;391.1;0.2001732;False;2026-06-19 9:40:52 AM:772;1781854852772;;
1073;272;0.6800102;0.3065087;0.7144368;0.2557891;391.0;0.2001408;False;2026-06-19 9:40:52 AM:801;1781854852801;;
1075;337;0.6809382;0.3800876;0.7246664;0.6107475;390.5;0.1850647;False;2026-06-19 9:40:52 AM:832;1781854852832;;
1076;379;0.6816731;0.4271733;0.7246669;0.6107475;390.1;0.1850651;False;2026-06-19 9:40:52 AM:862;1781854852862;;
1077;411;0.6821859;0.4631259;0.7226398;0.6108372;389.4;0.1831069;False;2026-06-19 9:40:52 AM:896;1781854852896;;
1077;431;0.6825649;0.4856468;0.7226709;0.6108411;388.9;0.183133;False;2026-06-19 9:40:52 AM:926;1781854852926;;
1079;440;0.6834438;0.496274;0.7290823;0.5781692;388.4;0.1791474;False;2026-06-19 9:40:52 AM:959;1781854852959;;
1080;447;0.6841249;0.5038402;0.7290888;0.578168;388.0;0.1791509;False;2026-06-19 9:40:52 AM:990;1781854852990;;
1082;461;0.6853995;0.5196846;0.7362867;0.6332465;387.3;0.1771863;False;2026-06-19 9:40:53 AM:21;1781854853021;;
1083;471;0.6864281;0.5313825;0.736281;0.6332458;386.6;0.1771825;False;2026-06-19 9:40:53 AM:52;1781854853052;;
1092;520;0.6919642;0.5866518;0.7674941;0.79606;388.4;0.1729176;False;2026-06-19 9:40:53 AM:87;1781854853087;;
1098;551;0.6959453;0.6215901;0.7674984;0.7960651;390.1;0.1729198;False;2026-06-19 9:40:53 AM:117;1781854853117;;
1107;564;0.7017006;0.635193;0.7815064;0.7437435;390.8;0.1819652;False;2026-06-19 9:40:53 AM:150;1781854853150;;
1114;572;0.7060173;0.645004;0.7814965;0.7437323;391.5;0.181964;False;2026-06-19 9:40:53 AM:180;1781854853180;;
1122;581;0.7107865;0.6553588;0.7814869;0.7437215;392.1;0.181963;False;2026-06-19 9:40:53 AM:228;1781854853228;;
1123;587;0.7116784;0.6620094;0.7282067;0.7488958;392.2;0.1830132;False;2026-06-19 9:40:53 AM:262;1781854853262;;
1123;588;0.7117257;0.6630191;0.7535877;0.7088094;392.3;0.1811635;False;2026-06-19 9:40:53 AM:295;1781854853295;;
1123;589;0.7117602;0.6637601;0.7535565;0.708772;392.5;0.1811482;False;2026-06-19 9:40:53 AM:325;1781854853325;;
1123;591;0.7118172;0.6663458;0.753913;0.7341635;392.7;0.1799373;False;2026-06-19 9:40:53 AM:356;1781854853356;;
1124;593;0.711867;0.6684606;0.753919;0.7341703;392.9;0.1799383;False;2026-06-19 9:40:53 AM:387;1781854853387;;
1119;599;0.7089261;0.6748817;0.6831403;0.7754171;394.2;0.1651589;True;2026-06-19 9:40:53 AM:419;1781854853419;;
1115;603;0.7067258;0.6798598;0.6831089;0.7753744;395.4;0.1651681;True;2026-06-19 9:40:53 AM:449;1781854853449;;
1113;613;0.7055091;0.6908745;0.6891775;0.816851;396.6;0.1694099;False;2026-06-19 9:40:53 AM:482;1781854853482;;
1112;621;0.7045468;0.6995016;0.6891804;0.8168637;397.7;0.169404;False;2026-06-19 9:40:53 AM:516;1781854853516;;
1097;634;0.6952369;0.7145064;0.6324287;0.8610417;396.8;0.1593316;True;2026-06-19 9:40:53 AM:549;1781854853549;;
1079;641;0.6834698;0.721949;0.6060988;0.8433117;396.0;0.1593455;True;2026-06-19 9:40:53 AM:579;1781854853579;;
1074;656;0.6806268;0.7391347;0.6424638;0.9011257;395.2;0.1593674;True;2026-06-19 9:40:53 AM:610;1781854853610;;
1038;657;0.6576937;0.7399629;0.5511734;0.782643;394.5;0.1652118;True;2026-06-19 9:40:53 AM:642;1781854853642;;
1013;657;0.6419899;0.7406195;0.5511712;0.7826275;393.8;0.1652249;True;2026-06-19 9:40:53 AM:672;1781854853672;;
1002;659;0.6352059;0.7425057;0.575014;0.82197;392.9;0.1671528;False;2026-06-19 9:40:53 AM:704;1781854853704;;
995;660;0.6301984;0.743998;0.5750162;0.8219723;392.1;0.1671519;False;2026-06-19 9:40:53 AM:735;1781854853735;;
958;660;0.6067857;0.7440276;0.4964816;0.7445422;392.0;0.1651672;True;2026-06-19 9:40:53 AM:768;1781854853768;;
931;660;0.5900002;0.7440516;0.4964821;0.744542;391.8;0.1651676;True;2026-06-19 9:40:53 AM:802;1781854853802;;
931;661;0.5899822;0.7445735;0.588332;0.7960219;390.9;0.162816;True;2026-06-19 9:40:53 AM:835;1781854853835;;
931;661;0.5899668;0.7450235;0.5883577;0.7960026;390.0;0.1628478;True;2026-06-19 9:40:53 AM:871;1781854853871;;
936;661;0.5929443;0.7451966;0.6282655;0.7922422;389.4;0.1632131;True;2026-06-19 9:40:53 AM:908;1781854853908;;
939;663;0.595254;0.7469202;0.6292262;0.8141025;388.7;0.1607874;True;2026-06-19 9:40:53 AM:945;1781854853945;;
936;663;0.5933106;0.747351;0.5631819;0.7819409;388.0;0.1608263;True;2026-06-19 9:40:53 AM:980;1781854853980;;
934;663;0.591889;0.7476799;0.5631909;0.7819312;387.4;0.1608386;True;2026-06-19 9:40:54 AM:12;1781854854012;;
880;664;0.5576853;0.7481896;0.4327013;0.800029;387.8;0.1608206;True;2026-06-19 9:40:54 AM:46;1781854854046;;
846;664;0.5358412;0.7485298;0.4316599;0.7807051;388.2;0.1608123;True;2026-06-19 9:40:54 AM:77;1781854854077;;
712;654;0.4512467;0.736728;0.2740297;0.6522723;389.6;0.1703092;False;2026-06-19 9:40:54 AM:112;1781854854112;;
672;642;0.4260993;0.7240316;0.3349618;0.6297388;391.0;0.1686978;False;2026-06-19 9:40:54 AM:147;1781854854147;;
629;636;0.3983675;0.7168859;0.2945859;0.6386415;392.3;0.1687036;False;2026-06-19 9:40:54 AM:176;1781854854176;;
578;632;0.3663909;0.7118589;0.2571113;0.644076;394.2;0.1636028;True;2026-06-19 9:40:54 AM:208;1781854854208;;
544;628;0.3448298;0.707882;0.257113;0.6440747;395.9;0.1636077;True;2026-06-19 9:40:54 AM:240;1781854854240;;
513;615;0.3252965;0.6933091;0.2411204;0.5712996;392.4;0.1665525;False;2026-06-19 9:40:54 AM:271;1781854854271;;
489;604;0.3103094;0.680479;0.2327983;0.5578136;389.3;0.1665999;False;2026-06-19 9:40:54 AM:301;1781854854301;;
471;594;0.2988623;0.6699629;0.232802;0.5578049;386.5;0.1666206;False;2026-06-19 9:40:54 AM:332;1781854854332;;
459;589;0.2909735;0.6640302;0.2381912;0.57626;385.3;0.1736379;False;2026-06-19 9:40:54 AM:367;1781854854367;;
452;583;0.2863218;0.6570442;0.2409818;0.554015;384.2;0.1736244;False;2026-06-19 9:40:54 AM:396;1781854854396;;
445;581;0.2823006;0.6549203;0.2399629;0.5865292;384.2;0.1788169;False;2026-06-19 9:40:54 AM:428;1781854854428;;
441;580;0.2793524;0.6532856;0.2399641;0.5865347;384.2;0.1788097;False;2026-06-19 9:40:54 AM:459;1781854854459;;
437;520;0.2770335;0.5859508;0.2404239;0.3252828;386.1;0.1839803;False;2026-06-19 9:40:54 AM:489;1781854854489;;
434;478;0.2751503;0.5387531;0.2404259;0.3252793;387.8;0.1839866;False;2026-06-19 9:40:54 AM:520;1781854854520;;
431;431;0.2733405;0.4862877;0.2380199;0.2713245;389.2;0.1998888;False;2026-06-19 9:40:54 AM:554;1781854854554;;
429;400;0.2719463;0.4511153;0.23802;0.271324;390.5;0.199891;False;2026-06-19 9:40:54 AM:587;1781854854587;;
427;380;0.2706358;0.4284497;0.2363534;0.2835102;391.7;0.1999418;False;2026-06-19 9:40:54 AM:620;1781854854620;;
426;357;0.2699115;0.4022785;0.2405174;0.2456654;392.9;0.1999451;False;2026-06-19 9:40:54 AM:654;1781854854654;;
424;352;0.2690419;0.3966535;0.23645;0.3147576;393.6;0.1994648;False;2026-06-19 9:40:54 AM:686;1781854854686;;
423;343;0.268482;0.3870633;0.2379019;0.2764294;394.2;0.199487;False;2026-06-19 9:40:54 AM:716;1781854854716;;
423;330;0.2681682;0.372261;0.240532;0.2361256;394.4;0.2108187;False;2026-06-19 9:40:54 AM:746;1781854854746;;
423;306;0.2681169;0.3450348;0.2452763;0.1706588;394.6;0.2108203;False;2026-06-19 9:40:54 AM:778;1781854854778;;
422;300;0.2678567;0.3380283;0.2405319;0.2361266;394.8;0.2108185;False;2026-06-19 9:40:54 AM:809;1781854854809;;
421;296;0.2672308;0.3341064;0.2340561;0.2496223;394.5;0.2151832;False;2026-06-19 9:40:54 AM:840;1781854854840;;
421;289;0.26704;0.3255071;0.2393144;0.2092265;394.2;0.2151873;False;2026-06-19 9:40:54 AM:870;1781854854870;;
420;287;0.266451;0.323288;0.2327891;0.2478307;394.1;0.2132116;False;2026-06-19 9:40:54 AM:905;1781854854905;;
419;285;0.2659797;0.3215311;0.232789;0.2478345;394.0;0.2132121;False;2026-06-19 9:40:54 AM:937;1781854854937;;
419;285;0.2657291;0.3209659;0.2351367;0.2594337;393.9;0.2140554;False;2026-06-19 9:40:54 AM:971;1781854854971;;
419;284;0.2655283;0.3205135;0.2351367;0.2594335;393.9;0.2140557;False;2026-06-19 9:40:55 AM:4;1781854855004;;
419;280;0.2654898;0.3155261;0.239007;0.2121635;393.5;0.2114992;False;2026-06-19 9:40:55 AM:35;1781854855035;;
418;269;0.2652714;0.3040055;0.2445887;0.167068;393.2;0.2115;False;2026-06-19 9:40:55 AM:66;1781854855066;;
647;263;0.4101876;0.2963408;0.6219465;0.1778444;395.6;0.1809388;False;2026-06-19 9:40:55 AM:102;1781854855102;;
763;258;0.4838243;0.290654;0.6219599;0.1778481;397.7;0.180943;False;2026-06-19 9:40:55 AM:135;1781854855135;;
846;254;0.5359196;0.2867387;0.6429678;0.1828924;399.4;0.1868784;False;2026-06-19 9:40:55 AM:169;1781854855169;;
893;251;0.5657787;0.2837141;0.6429695;0.1828928;400.9;0.186879;False;2026-06-19 9:40:55 AM:200;1781854855200;;
926;246;0.5864699;0.2779678;0.6462113;0.1603266;402.0;0.1881913;False;2026-06-19 9:40:55 AM:236;1781854855236;;
946;242;0.5994732;0.2735238;0.6462187;0.1603285;403.0;0.1881935;False;2026-06-19 9:40:55 AM:269;1781854855269;;
962;241;0.6097044;0.2724628;0.6539323;0.2126346;404.0;0.1877303;False;2026-06-19 9:40:55 AM:300;1781854855300;;
970;241;0.6148745;0.2722687;0.6441653;0.1994448;404.9;0.1877076;False;2026-06-19 9:40:55 AM:332;1781854855332;;
980;241;0.6206861;0.2716375;0.6534106;0.2066617;405.4;0.1897446;False;2026-06-19 9:40:55 AM:367;1781854855367;;
986;240;0.6245028;0.2711696;0.6534188;0.2066644;405.9;0.1897486;False;2026-06-19 9:40:55 AM:397;1781854855397;;
1009;240;0.6391549;0.2703384;0.7096522;0.1894329;403.6;0.2038823;False;2026-06-19 9:40:55 AM:430;1781854855430;;
1025;239;0.649147;0.269681;0.7096536;0.1894333;401.5;0.2038828;False;2026-06-19 9:40:55 AM:461;1781854855461;;
1032;238;0.6537456;0.2688907;0.6934151;0.2117237;399.9;0.2085318;False;2026-06-19 9:40:55 AM:492;1781854855492;;
1037;238;0.657162;0.2682538;0.6934059;0.2117211;398.5;0.2085265;False;2026-06-19 9:40:55 AM:522;1781854855522;;
1057;238;0.6696408;0.2681352;0.7440122;0.2030774;396.7;0.2000156;False;2026-06-19 9:40:55 AM:555;1781854855555;;
1071;238;0.6784344;0.2680385;0.7440102;0.2030768;395.1;0.2000146;False;2026-06-19 9:40:55 AM:585;1781854855585;;
1071;237;0.67874;0.2672268;0.6903155;0.2482803;393.4;0.200219;False;2026-06-19 9:40:55 AM:616;1781854855616;;
1072;236;0.6789865;0.2665796;0.6903051;0.2482777;391.9;0.200213;False;2026-06-19 9:40:55 AM:647;1781854855647;;
1072;236;0.6791922;0.2660448;0.6902912;0.2482744;390.6;0.2002051;False;2026-06-19 9:40:55 AM:679;1781854855679;;
1078;297;0.6828158;0.3345459;0.7283186;0.5531906;389.2;0.1713857;False;2026-06-19 9:40:55 AM:711;1781854855711;;
1090;398;0.6905343;0.4488222;0.7557175;0.7124546;389.6;0.1679086;False;2026-06-19 9:40:55 AM:746;1781854855746;;
1092;441;0.6920156;0.4976044;0.7272616;0.6707567;389.9;0.1679164;False;2026-06-19 9:40:55 AM:776;1781854855776;;
1101;475;0.6974741;0.5358867;0.759645;0.686563;389.9;0.1714753;False;2026-06-19 9:40:55 AM:807;1781854855807;;
1107;498;0.7014749;0.5609051;0.7596228;0.6865383;389.9;0.1714734;False;2026-06-19 9:40:55 AM:836;1781854855836;;
1113;515;0.704926;0.5803083;0.7596022;0.6865152;389.9;0.1714718;False;2026-06-19 9:40:55 AM:866;1781854855866;;
1118;541;0.7082743;0.6096078;0.7623646;0.742575;390.9;0.1737636;False;2026-06-19 9:40:55 AM:900;1781854855900;;
1122;558;0.7107285;0.6288402;0.7623662;0.7425767;391.8;0.1737631;False;2026-06-19 9:40:55 AM:932;1781854855932;;
1122;568;0.7110116;0.6403043;0.7431604;0.7264082;392.6;0.1740064;False;2026-06-19 9:40:55 AM:966;1781854855966;;
1123;575;0.7112383;0.6486074;0.7431667;0.7264177;393.4;0.1740034;False;2026-06-19 9:40:55 AM:998;1781854855998;;
1123;583;0.7114218;0.6571011;0.7352533;0.7401801;393.7;0.1717425;False;2026-06-19 9:40:56 AM:29;1781854856029;;
1125;592;0.712967;0.6670408;0.7598168;0.7648565;393.9;0.1717604;False;2026-06-19 9:40:56 AM:60;1781854856060;;
1126;613;0.7132795;0.6905208;0.7321978;0.8402727;394.6;0.1650182;True;2026-06-19 9:40:56 AM:91;1781854856091;;
1126;628;0.7135353;0.7077256;0.7322017;0.8402652;395.3;0.1650354;True;2026-06-19 9:40:56 AM:122;1781854856122;;
1125;636;0.7125993;0.7170366;0.6993132;0.8153085;395.9;0.1648562;True;2026-06-19 9:40:56 AM:156;1781854856156;;
1124;642;0.7118987;0.723881;0.6993091;0.8153288;396.4;0.164819;True;2026-06-19 9:40:56 AM:189;1781854856189;;
1124;650;0.7119749;0.7320338;0.7161922;0.8332152;397.2;0.1636168;True;2026-06-19 9:40:56 AM:222;1781854856222;;
1124;655;0.7120408;0.7387062;0.7161907;0.8332177;397.8;0.1636113;True;2026-06-19 9:40:56 AM:257;1781854856257;;
1121;657;0.7100838;0.7404896;0.6825476;0.8050154;399.0;0.1538924;True;2026-06-19 9:40:56 AM:292;1781854856292;;
1118;658;0.7085529;0.7419327;0.6825458;0.8049868;400.1;0.1539308;True;2026-06-19 9:40:56 AM:326;1781854856326;;
1109;659;0.7025558;0.7423521;0.6465062;0.7703286;400.2;0.1602389;True;2026-06-19 9:40:56 AM:358;1781854856358;;
1102;659;0.6979906;0.7426965;0.646508;0.7703031;400.2;0.1602757;True;2026-06-19 9:40:56 AM:390;1781854856390;;
1098;660;0.6953817;0.7434988;0.6530282;0.7971552;400.7;0.1572607;True;2026-06-19 9:40:56 AM:421;1781854856421;;
1094;660;0.6933788;0.7438939;0.6539029;0.7923068;401.2;0.157298;True;2026-06-19 9:40:56 AM:454;1781854856454;;
972;651;0.6161446;0.7337365;0.4290339;0.6517909;401.6;0.1633246;True;2026-06-19 9:40:56 AM:485;1781854856485;;
898;644;0.569043;0.7262098;0.4290709;0.6517689;401.9;0.1633737;True;2026-06-19 9:40:56 AM:516;1781854856516;;
758;628;0.4800514;0.7078476;0.3015909;0.5845982;403.1;0.1657941;False;2026-06-19 9:40:56 AM:547;1781854856547;;
676;616;0.4283615;0.6944578;0.3016078;0.5845916;404.1;0.1658141;False;2026-06-19 9:40:56 AM:579;1781854856579;;
624;607;0.3955216;0.6845359;0.3036053;0.5888668;404.5;0.1684742;False;2026-06-19 9:40:56 AM:612;1781854856612;;
591;601;0.3747749;0.6770687;0.3036113;0.5888624;404.8;0.1684829;False;2026-06-19 9:40:56 AM:644;1781854856644;;
566;599;0.3590747;0.674552;0.2963323;0.6165258;404.3;0.1673531;False;2026-06-19 9:40:56 AM:676;1781854856676;;
550;597;0.3485005;0.6725777;0.2963581;0.6164992;403.8;0.1673973;False;2026-06-19 9:40:56 AM:707;1781854856707;;
521;587;0.3304256;0.6618938;0.2566397;0.5492442;401.9;0.1707279;False;2026-06-19 9:40:56 AM:740;1781854856740;;
503;580;0.3185641;0.6541145;0.2566397;0.5492446;400.2;0.1707274;False;2026-06-19 9:40:56 AM:770;1781854856770;;
489;575;0.3099726;0.6479501;0.2566532;0.5492286;398.7;0.1707576;False;2026-06-19 9:40:56 AM:801;1781854856801;;
472;568;0.2992769;0.6405703;0.2370178;0.5333125;397.3;0.1751919;False;2026-06-19 9:40:56 AM:832;1781854856832;;
460;563;0.2917731;0.6349875;0.2370174;0.5333078;396.1;0.1751987;False;2026-06-19 9:40:56 AM:863;1781854856863;;
452;561;0.2864789;0.6325306;0.2397428;0.5518162;394.9;0.1736349;False;2026-06-19 9:40:56 AM:894;1781854856894;;
445;560;0.2818495;0.6311466;0.2355889;0.5586308;393.7;0.1736457;False;2026-06-19 9:40:56 AM:924;1781854856924;;
439;557;0.2782744;0.6276218;0.2373302;0.5362672;393.1;0.1764842;False;2026-06-19 9:40:56 AM:957;1781854856957;;
435;554;0.2755671;0.6243291;0.2389589;0.5338874;392.5;0.1764638;False;2026-06-19 9:40:56 AM:991;1781854856991;;
435;467;0.2759019;0.5259368;0.2884734;0.2186206;393.5;0.187552;False;2026-06-19 9:40:57 AM:23;1781854857023;;
436;409;0.2761766;0.4612831;0.2885144;0.218615;394.5;0.1876372;False;2026-06-19 9:40:57 AM:56;1781854857056;;
431;385;0.2731929;0.4338293;0.2328768;0.2741016;393.8;0.211153;False;2026-06-19 9:40:57 AM:88;1781854857088;;
427;368;0.2709383;0.4145159;0.2328781;0.2740995;393.2;0.2111779;False;2026-06-19 9:40:57 AM:118;1781854857118;;
424;349;0.2688562;0.3938876;0.2312995;0.2510391;392.5;0.2181045;False;2026-06-19 9:40:57 AM:151;1781854857151;;
421;345;0.2666543;0.3896155;0.2252109;0.3140385;391.9;0.2180954;False;2026-06-19 9:40:57 AM:182;1781854857182;;
419;334;0.2654253;0.3761858;0.231302;0.251038;391.4;0.2181221;False;2026-06-19 9:40:57 AM:212;1781854857212;;
417;326;0.2643771;0.3672694;0.2309114;0.2598329;391.2;0.2187212;False;2026-06-19 9:40:57 AM:245;1781854857245;;
416;320;0.263577;0.3607249;0.230911;0.2598287;391.0;0.2187205;False;2026-06-19 9:40:57 AM:276;1781854857276;;
415;303;0.2632979;0.3419854;0.2374049;0.1886628;391.4;0.2145763;False;2026-06-19 9:40:57 AM:307;1781854857307;;
415;291;0.26308;0.3285678;0.2374049;0.1886628;391.8;0.2145762;False;2026-06-19 9:40:57 AM:336;1781854857336;;
415;273;0.2629779;0.3074995;0.2454343;0.1422904;392.4;0.2153619;False;2026-06-19 9:40:57 AM:367;1781854857367;;
415;258;0.2628887;0.2909573;0.245434;0.1422885;393.0;0.2153594;False;2026-06-19 9:40:57 AM:400;1781854857400;;
415;252;0.262838;0.2848303;0.2417521;0.1795807;393.1;0.2152308;False;2026-06-19 9:40:57 AM:434;1781854857434;;
414;248;0.262798;0.2802713;0.2417516;0.1795777;393.2;0.215226;False;2026-06-19 9:40:57 AM:463;1781854857463;;
414;247;0.2625988;0.2788158;0.2378478;0.2008773;393.1;0.2165801;False;2026-06-19 9:40:57 AM:496;1781854857496;;
414;238;0.2624924;0.2682714;0.2455883;0.1326833;393.0;0.2165777;False;2026-06-19 9:40:57 AM:528;1781854857528;;
623;235;0.3950818;0.2656541;0.6072502;0.1741737;395.5;0.1975777;False;2026-06-19 9:40:57 AM:560;1781854857560;;
737;234;0.4672264;0.2635431;0.6072518;0.1741741;397.8;0.1975781;False;2026-06-19 9:40:57 AM:594;1781854857594;;
850;233;0.5386297;0.2626829;0.6724322;0.2448619;399.2;0.1908359;False;2026-06-19 9:40:57 AM:626;1781854857626;;
917;232;0.5812441;0.2619838;0.6809629;0.2419176;400.6;0.1908178;False;2026-06-19 9:40:57 AM:656;1781854857656;;
966;232;0.6119844;0.2613629;0.6901931;0.2399162;402.0;0.1933441;False;2026-06-19 9:40:57 AM:689;1781854857689;;
996;231;0.6309769;0.2608674;0.6901957;0.239917;403.4;0.1933451;False;2026-06-19 9:40:57 AM:720;1781854857720;;
1010;231;0.6398848;0.2604838;0.676102;0.2341619;405.0;0.1955248;False;2026-06-19 9:40:57 AM:751;1781854857751;;
1016;231;0.643474;0.2601458;0.6627223;0.2356795;406.4;0.1955151;False;2026-06-19 9:40:57 AM:783;1781854857783;;
1017;231;0.6443935;0.2612115;0.651334;0.2813877;407.9;0.1978414;False;2026-06-19 9:40:57 AM:814;1781854857814;;
1020;231;0.6461416;0.2610922;0.6606904;0.2390297;409.3;0.1978186;False;2026-06-19 9:40:57 AM:844;1781854857844;;
1026;231;0.6500306;0.261047;0.6783791;0.235651;410.2;0.196835;False;2026-06-19 9:40:57 AM:875;1781854857875;;
1030;231;0.6529014;0.2610092;0.6783813;0.2356517;411.1;0.196836;False;2026-06-19 9:40:57 AM:906;1781854857906;;
1031;231;0.6530475;0.2608627;0.6556017;0.2436559;411.5;0.2003914;False;2026-06-19 9:40:57 AM:937;1781854857937;;
1031;231;0.653163;0.2607402;0.6555701;0.243645;411.7;0.2003782;False;2026-06-19 9:40:57 AM:968;1781854857968;;
1031;231;0.6532668;0.2606261;0.6555876;0.2436511;412.0;0.2003854;False;2026-06-19 9:40:58 AM:3;1781854858003;;
1043;232;0.6607324;0.2616555;0.7130455;0.2836337;409.2;0.2099577;False;2026-06-19 9:40:58 AM:39;1781854858039;;
1050;232;0.6653476;0.2615905;0.7119678;0.243001;406.7;0.2099058;False;2026-06-19 9:40:58 AM:69;1781854858069;;
1058;233;0.6702543;0.2629899;0.7207028;0.2949572;404.4;0.2078;False;2026-06-19 9:40:58 AM:99;1781854858099;;
1066;233;0.6753502;0.263172;0.7295108;0.2736087;402.4;0.2077756;False;2026-06-19 9:40:58 AM:130;1781854858130;;
1080;234;0.6844084;0.2638144;0.7528251;0.2858495;401.1;0.1976047;False;2026-06-19 9:40:58 AM:165;1781854858165;;
1084;234;0.6868074;0.2640378;0.7277952;0.2786387;400.0;0.1976567;False;2026-06-19 9:40:58 AM:196;1781854858196;;
1095;348;0.6937267;0.3920857;0.7588464;0.6954269;399.7;0.1823285;False;2026-06-19 9:40:58 AM:230;1781854858230;;
1104;424;0.6995948;0.4776405;0.7588869;0.6954681;399.5;0.182346;False;2026-06-19 9:40:58 AM:269;1781854858269;;
1109;467;0.7028209;0.5262575;0.7555868;0.7046006;399.3;0.1817855;False;2026-06-19 9:40:58 AM:301;1781854858301;;
1116;501;0.7069612;0.5651307;0.76748;0.7269216;399.2;0.1817306;False;2026-06-19 9:40:58 AM:331;1781854858331;;
1120;530;0.7094271;0.5977935;0.7604868;0.7427461;399.0;0.1849797;False;2026-06-19 9:40:58 AM:364;1781854858364;;
1122;547;0.7111053;0.6166781;0.7582635;0.7281346;398.9;0.18498;False;2026-06-19 9:40:58 AM:394;1781854858394;;
1125;588;0.712621;0.6622488;0.7580078;0.8317585;399.1;0.1645906;True;2026-06-19 9:40:58 AM:431;1781854858431;;
1125;611;0.7128708;0.6891866;0.7380109;0.8219514;399.2;0.1645885;True;2026-06-19 9:40:58 AM:466;1781854858466;;
1126;623;0.7132412;0.7026875;0.7252643;0.7984247;399.9;0.1637792;True;2026-06-19 9:40:58 AM:501;1781854858501;;
1126;632;0.7135306;0.7123871;0.7252507;0.7984027;400.5;0.1637878;True;2026-06-19 9:40:58 AM:535;1781854858535;;
1126;639;0.7135383;0.7205707;0.7137333;0.8046331;399.9;0.1680314;False;2026-06-19 9:40:58 AM:568;1781854858568;;
1126;645;0.713544;0.7266932;0.7137214;0.8045968;399.4;0.1680634;False;2026-06-19 9:40:58 AM:599;1781854858599;;
1126;649;0.7133436;0.7313711;0.7080437;0.8021675;399.4;0.1706404;False;2026-06-19 9:40:58 AM:634;1781854858634;;
1126;652;0.7131949;0.734769;0.7080455;0.8021713;399.4;0.1706373;False;2026-06-19 9:40:58 AM:665;1781854858665;;
1114;652;0.7060915;0.7348679;0.646996;0.7598187;399.4;0.1593441;True;2026-06-19 9:40:58 AM:694;1781854858694;;
1105;653;0.7000883;0.7358088;0.6443914;0.7796352;399.4;0.1593652;True;2026-06-19 9:40:58 AM:725;1781854858725;;
1101;659;0.6974493;0.7425711;0.6599283;0.8346202;400.1;0.1586906;True;2026-06-19 9:40:58 AM:759;1781854858759;;
1098;663;0.6955476;0.7474317;0.65992;0.8346279;400.7;0.1586686;True;2026-06-19 9:40:58 AM:790;1781854858790;;
1097;668;0.6950687;0.752473;0.6744149;0.84113;400.8;0.1608795;True;2026-06-19 9:40:58 AM:824;1781854858824;;
1096;671;0.694414;0.7564005;0.6696096;0.8420202;401.0;0.1608602;True;2026-06-19 9:40:58 AM:855;1781854858855;;
922;663;0.5845231;0.7473902;0.377097;0.6746309;400.5;0.1693902;False;2026-06-19 9:40:58 AM:890;1781854858890;;
819;657;0.5190963;0.7403116;0.3771062;0.6746206;400.1;0.1694026;False;2026-06-19 9:40:58 AM:925;1781854858925;;
764;655;0.4842804;0.737632;0.3837779;0.6953933;400.5;0.1692903;False;2026-06-19 9:40:58 AM:960;1781854858960;;
726;652;0.4599508;0.7346221;0.3796986;0.6867856;400.8;0.1693797;False;2026-06-19 9:40:58 AM:994;1781854858994;;
701;651;0.4440819;0.7333106;0.3780461;0.6986418;400.8;0.172155;False;2026-06-19 9:40:59 AM:29;1781854859029;;
675;648;0.4280786;0.7301564;0.3594384;0.673793;400.8;0.1722254;False;2026-06-19 9:40:59 AM:62;1781854859062;;
671;638;0.4250405;0.7190742;0.398864;0.6101948;402.6;0.175101;False;2026-06-19 9:40:59 AM:93;1781854859093;;
668;631;0.4234296;0.7112866;0.4045121;0.6134689;404.2;0.1751194;False;2026-06-19 9:40:59 AM:124;1781854859124;;
669;633;0.4237018;0.7129025;0.438008;0.7442362;405.0;0.1644667;True;2026-06-19 9:40:59 AM:156;1781854859156;;
669;634;0.4239163;0.7141387;0.4379586;0.7441949;405.7;0.1644459;True;2026-06-19 9:40:59 AM:185;1781854859185;;
670;616;0.4246096;0.6939892;0.4582071;0.5537896;411.3;0.1702797;False;2026-06-19 9:40:59 AM:218;1781854859218;;
671;603;0.4251459;0.6797819;0.458207;0.5538132;416.4;0.1702802;False;2026-06-19 9:40:59 AM:248;1781854859248;;
686;610;0.4349517;0.6869591;0.5188154;0.7608607;418.4;0.1794598;False;2026-06-19 9:40:59 AM:281;1781854859281;;
698;614;0.4421997;0.692345;0.5188242;0.7608834;420.2;0.1794654;False;2026-06-19 9:40:59 AM:313;1781854859313;;
698;614;0.4422826;0.6921885;0.4726087;0.6783611;421.4;0.176421;False;2026-06-19 9:40:59 AM:344;1781854859344;;
698;607;0.4423153;0.6841642;0.4718361;0.5958229;422.4;0.176418;False;2026-06-19 9:40:59 AM:378;1781854859378;;
698;605;0.4425734;0.6819943;0.4656587;0.6318707;428.0;0.1792776;False;2026-06-19 9:40:59 AM:416;1781854859416;;
699;604;0.4427891;0.6802497;0.465619;0.6319154;433.0;0.1792544;False;2026-06-19 9:40:59 AM:455;1781854859455;;
699;603;0.4431138;0.6801221;0.4745145;0.6658457;438.4;0.1759561;False;2026-06-19 9:40:59 AM:494;1781854859494;;
700;603;0.4433689;0.6800263;0.474664;0.6657469;443.2;0.176061;False;2026-06-19 9:40:59 AM:530;1781854859530;;
700;602;0.4439341;0.678678;0.4790484;0.6342135;450.7;0.1809729;False;2026-06-19 9:40:59 AM:571;1781854859571;;
709;597;0.4495478;0.6724375;0.5182651;0.5848414;457.5;0.1811441;False;2026-06-19 9:40:59 AM:607;1781854859607;;
712;596;0.4509678;0.6719854;0.4973543;0.6319975;465.9;0.1787893;False;2026-06-19 9:40:59 AM:644;1781854859644;;
713;596;0.4520483;0.6716352;0.4973393;0.6320034;473.3;0.1787793;False;2026-06-19 9:40:59 AM:678;1781854859678;;
721;592;0.4569834;0.6674682;0.52556;0.5882767;481.2;0.1838847;False;2026-06-19 9:40:59 AM:714;1781854859714;;
726;585;0.460178;0.6597682;0.5139059;0.5747604;487.4;0.1811047;False;2026-06-19 9:40:59 AM:781;1781854859781;;
723;572;0.4581562;0.6448238;0.4386552;0.5031722;494.1;0.1780884;False;2026-06-19 9:40:59 AM:814;1781854859814;;
730;572;0.4628665;0.6442518;0.5310028;0.6173599;500.2;0.1787527;False;2026-06-19 9:40:59 AM:845;1781854859845;;
737;523;0.4670629;0.5900381;0.5322779;0.3612639;509.0;0.1817023;False;2026-06-19 9:40:59 AM:880;1781854859880;;
742;491;0.470281;0.5532881;0.5322352;0.3613093;517.0;0.1816355;False;2026-06-19 9:40:59 AM:914;1781854859914;;
743;481;0.4707001;0.5424397;0.4791061;0.4260447;517.9;0.1757867;False;2026-06-19 9:40:59 AM:948;1781854859948;;
743;467;0.470973;0.5261063;0.4767823;0.3880474;518.8;0.1759493;False;2026-06-19 9:40:59 AM:982;1781854859982;;
744;462;0.4712337;0.5207596;0.4791329;0.4260185;519.5;0.1758072;False;2026-06-19 9:41:00 AM:16;1781854860016;;
727;399;0.4605626;0.4498128;0.401307;0.2055328;519.5;0.1762638;False;2026-06-19 9:41:00 AM:55;1781854860055;;
723;375;0.458085;0.4231056;0.4284683;0.2569081;518.1;0.1862531;False;2026-06-19 9:41:00 AM:88;1781854860088;;
722;348;0.457568;0.3923628;0.4442818;0.2087657;516.9;0.1867635;False;2026-06-19 9:41:00 AM:119;1781854860119;;
722;323;0.4576609;0.3645329;0.4689721;0.1951689;513.8;0.1641012;True;2026-06-19 9:41:00 AM:153;1781854860153;;
722;318;0.457579;0.3581143;0.4533038;0.2606229;510.9;0.1639333;True;2026-06-19 9:41:00 AM:184;1781854860184;;
726;304;0.4601653;0.3427348;0.5002809;0.206475;507.6;0.1710692;False;2026-06-19 9:41:00 AM:217;1781854860217;;
728;295;0.4614978;0.3330545;0.4946595;0.2127401;504.6;0.1707712;False;2026-06-19 9:41:00 AM:248;1781854860248;;
730;291;0.4626575;0.3283508;0.4950936;0.234221;499.1;0.1737169;False;2026-06-19 9:41:00 AM:281;1781854860281;;
732;288;0.4636381;0.3244499;0.4951764;0.2342251;494.1;0.1737602;False;2026-06-19 9:41:00 AM:314;1781854860314;;
736;290;0.4663504;0.3271903;0.5147814;0.3604741;491.7;0.1804067;False;2026-06-19 9:41:00 AM:345;1781854860345;;
742;290;0.4700084;0.3271617;0.5252553;0.2859045;489.5;0.1806401;False;2026-06-19 9:41:00 AM:377;1781854860377;;
742;293;0.4701859;0.3300524;0.4863416;0.3672651;487.5;0.1804913;False;2026-06-19 9:41:00 AM:409;1781854860409;;
742;291;0.4705108;0.3288006;0.4983221;0.2753743;482.5;0.1804443;False;2026-06-19 9:41:00 AM:444;1781854860444;;
743;291;0.4707698;0.3278272;0.4983902;0.2753671;478.0;0.1804642;False;2026-06-19 9:41:00 AM:475;1781854860475;;
746;337;0.4725489;0.3804768;0.5161955;0.5680998;473.9;0.1821554;False;2026-06-19 9:41:00 AM:511;1781854860511;;
748;368;0.4739586;0.4154988;0.5161988;0.5681106;470.2;0.1821319;False;2026-06-19 9:41:00 AM:546;1781854860546;;
750;393;0.4753642;0.442652;0.5197911;0.5845935;465.6;0.1795309;False;2026-06-19 9:41:00 AM:579;1781854860579;;
753;387;0.4772804;0.4364063;0.5262755;0.3473618;460.4;0.1788316;False;2026-06-19 9:41:00 AM:613;1781854860613;;
754;387;0.4776383;0.4363734;0.4891149;0.4351858;455.7;0.1787983;False;2026-06-19 9:41:00 AM:644;1781854860644;;
749;361;0.4748423;0.4070947;0.4490584;0.2443457;452.0;0.182505;False;2026-06-19 9:41:00 AM:682;1781854860682;;
733;359;0.464698;0.4044214;0.4052142;0.3395967;448.6;0.1820921;False;2026-06-19 9:41:00 AM:720;1781854860720;;
732;343;0.4641795;0.386667;0.4529352;0.249517;445.7;0.1803906;False;2026-06-19 9:41:00 AM:758;1781854860758;;
732;322;0.4641452;0.3635511;0.462274;0.2035663;443.1;0.1806745;False;2026-06-19 9:41:00 AM:794;1781854860794;;
730;302;0.4626965;0.3410217;0.438148;0.1822511;442.0;0.1804227;False;2026-06-19 9:41:00 AM:829;1781854860829;;
728;287;0.461548;0.3242165;0.4381934;0.1822571;441.1;0.1804519;False;2026-06-19 9:41:00 AM:865;1781854860865;;
724;288;0.4589093;0.3247021;0.4203145;0.3332177;439.4;0.1815107;False;2026-06-19 9:41:00 AM:899;1781854860899;;
724;288;0.4588266;0.3244337;0.4485472;0.3159767;437.9;0.1817511;False;2026-06-19 9:41:00 AM:934;1781854860934;;
725;280;0.4593084;0.3157593;0.4724658;0.2095259;437.1;0.1820396;False;2026-06-19 9:41:00 AM:969;1781854860969;;
725;274;0.4596868;0.3091905;0.4724751;0.2095269;436.4;0.1820453;False;2026-06-19 9:41:01 AM:4;1781854861004;;
726;270;0.4597957;0.3044178;0.4671138;0.2119177;435.7;0.187995;False;2026-06-19 9:41:01 AM:38;1781854861038;;
726;266;0.4598897;0.3003246;0.4670162;0.2119073;435.2;0.1879293;False;2026-06-19 9:41:01 AM:75;1781854861075;;
720;266;0.4563822;0.3003048;0.4173699;0.2999811;435.4;0.1827969;False;2026-06-19 9:41:01 AM:116;1781854861116;;
705;269;0.4470521;0.3031482;0.3867951;0.3319725;435.1;0.1894508;False;2026-06-19 9:41:01 AM:165;1781854861165;;
705;269;0.4465126;0.3029604;0.4240552;0.2700361;434.9;0.190328;False;2026-06-19 9:41:01 AM:201;1781854861201;;
703;263;0.4454992;0.2962981;0.4182336;0.2123304;433.7;0.1872104;False;2026-06-19 9:41:01 AM:249;1781854861249;;
